{
  "project_info": {
    "project_number": "217989678834",
    "project_id": "myrainmeterespapp",
    "storage_bucket": "myrainmeterespapp.firebasestorage.app"
  },
  "client": [
    {
      "client_info": {
        "mobilesdk_app_id": "1:217989678834:android:1a21b51e53f4b40af7726b",
        "android_client_info": {
          "package_name": "com.example.esprainmeter"
        }
      },
      "oauth_client": [
        {
          "client_id": "217989678834-4v38eb30pk8p2066evquu8o5u2athtsa.apps.googleusercontent.com",
          "client_type": 1,
          "android_info": {
            "package_name": "com.example.esprainmeter",
            "certificate_hash": "d70085cd86902a4a16263e1bb4da12b6bf071fdc"
          }
        },
        {
          "client_id": "217989678834-9o3eo693nj8o21c9aq3djq07iaivo5n9.apps.googleusercontent.com",
          "client_type": 3
        }
      ],
      "api_key": [
        {
          "current_key": "AIzaSyDXUPxkWK_sIG0QImmyjfjFUh6sTvob4YE"
        }
      ],
      "services": {
        "appinvite_service": {
          "other_platform_oauth_client": [
            {
              "client_id": "217989678834-0g74rc1uepiql0mgliobtgmk6rmro0ll.apps.googleusercontent.com",
              "client_type": 3
            }
          ]
        }
      }
    }
  ],
  "configuration_version": "1"
}